scheme_name,description,category,ministry,website_url,eligibility,benefits
Pradhan Mantri Fasal Bima Yojana,A crop insurance scheme that provides financial support to farmers in case of crop failure due to natural calamities.,Government,Ministry of Agriculture & Farmers Welfare,https://pmfby.gov.in/,All farmers growing notified crops in notified areas.,Insurance coverage and financial support to farmers in case of crop failure.
Pradhan Mantri Krishi Sinchai Yojana,Aims to provide improved access to irrigation for farmers across the country with the motto of "More crop per drop".,Government,Ministry of Agriculture & Farmers Welfare,https://pmksy.gov.in/,All farmers with focus on small and marginal farmers.,Improved access to irrigation, water use efficiency, precision irrigation.
Soil Health Card Scheme,Provides information to farmers on nutrient status of their soil along with recommendations on appropriate dosage of nutrients for improving soil health and fertility.,Government,Ministry of Agriculture & Farmers Welfare,https://soilhealth.dac.gov.in/,All farmers.,Soil testing and recommendations for improving soil health and fertility.
Paramparagat Krishi Vikas Yojana,Promotes organic farming practices and improves soil health through the use of organic inputs.,Government,Ministry of Agriculture & Farmers Welfare,https://pgsindia-ncof.gov.in/pkvy/index.aspx,All farmers with special focus on farmers who want to adopt organic farming.,Financial assistance, training, and certification for organic farming.
National Mission For Sustainable Agriculture,Aims to make agriculture more productive, sustainable, and climate resilient.,Government,Ministry of Agriculture & Farmers Welfare,https://nmsa.dac.gov.in/,All farmers.,Support for sustainable agriculture practices and climate adaptation.
Rashtriya Krishi Vikas Yojana,An umbrella scheme for ensuring holistic development of agriculture and allied sectors.,Government,Ministry of Agriculture & Farmers Welfare,https://rkvy.nic.in/,State governments and farmers.,Funding for agricultural development projects.
Kisan Credit Card,Provides farmers with affordable credit for their agricultural operations and other needs.,Financial,Ministry of Finance,https://www.rbi.org.in/Scripts/NotificationUser.aspx?Id=4432&Mode=0,All farmers, tenant farmers, sharecroppers, and oral lessees.,Easy and timely credit for agricultural operations, consumption needs, and allied activities.
Agriculture Infrastructure Fund,A financing facility for investment in post-harvest management infrastructure and community farming assets.,Financial,Ministry of Agriculture & Farmers Welfare,https://agriinfra.dac.gov.in/,Farmers, FPOs, PACS, Marketing Cooperative Societies, SHGs, and more.,Interest subvention and credit guarantee for loans up to ₹2 crore.
PM-KISAN,Income support for all landholding farmers with certain exclusions.,Financial,Ministry of Agriculture & Farmers Welfare,https://pmkisan.gov.in/,Small and marginal farmers with landholdings up to 2 hectares.,Direct income support of ₹6000 per year in three installments.
Interest Subvention Scheme for Farmers,Provides interest subsidy on short-term crop loans.,Financial,Ministry of Agriculture & Farmers Welfare,https://agricoop.nic.in/,Farmers who take short-term crop loans.,Interest subvention on loans up to ₹3 lakh. 